"","Estimate","Std. Error","z-value","Pr(>|z|)"
"cloud_storage2000gb",0.165169097886324,0.0637759360632561,2.58983416131284,0.00960221779000991
"cloud_storage5000gb",0.894500313489248,0.0632259630400286,14.1476740009944,0
"customer_supportyes",0.493446327630101,0.0517038610855476,9.54370364746377,0
"cloud_servicesemail, video",0.632169891936517,0.0657132708435131,9.62012518661476,0
"cloud_servicesemail, video, productivity",1.49024431600547,0.0671033098378554,22.2082087993336,0
"price_n",-0.133935474482401,0.0056030337603158,-23.9040991384017,0
